PLAYER_NAME,TEAM,POSITION,AGE,GP,MIN,FGM,FGA,FG_PCT,FG3M,FG3A,FG3_PCT,FTM,FTA,FT_PCT,OREB,DREB,REB,AST,TOV,STL,BLK,BLKA,PF,PFD,PTS,PLUS_MINUS
Aaron Brooks,MIN,G,33,32,189.413333333333,28,69,0.406,11,31,0.355,8,11,0.727,7,10,17,20,11,6,0,4,28,11,75,-75
Aaron Gordon,ORL,F,22,58,1909.07833333333,375,865,0.434,115,342,0.336,157,225,0.698,87,370,457,136,107,59,45,42,111,192,1022,-92
Aaron Harrison,DAL,G,23,9,233.251666666667,19,69,0.275,9,43,0.209,13,17,0.765,4,20,24,11,3,9,2,0,27,13,60,-72
Aaron Jackson,HOU,G,32,1,34.5,3,9,0.333,1,4,0.25,1,2,0.5,2,1,3,1,1,0,0,1,4,3,8,-10
Abdel Nader,BOS,F,24,48,521.526666666667,50,149,0.336,23,65,0.354,23,39,0.59,13,58,71,26,34,15,10,11,45,31,146,-109
Adreian Payne,ORL,F,27,5,42.5483333333333,7,10,0.7,2,3,0.667,5,6,0.833,2,7,9,0,2,2,0,0,6,5,21,-13
Al Horford,BOS,C-F,32,72,2277.025,368,753,0.489,97,226,0.429,94,120,0.783,103,428,531,339,132,43,78,26,138,134,927,345
Al Jefferson,IND,C,33,36,483.56,111,208,0.534,0,3,0,30,36,0.833,30,113,143,30,21,16,23,19,66,33,252,-11
Al-Farouq Aminu,POR,F,27,69,2072.17166666667,230,582,0.395,125,339,0.369,59,80,0.738,97,428,525,84,79,79,40,16,136,86,644,220
Alan Williams,PHX,F-C,25,5,70.335,7,18,0.389,0,0,0,6,9,0.667,3,19,22,8,7,5,1,3,13,9,20,1
Alec Burks,UTA,G,26,64,1058.66,170,414,0.411,47,142,0.331,107,124,0.863,19,173,192,67,60,37,8,24,75,98,494,-11
Alec Peters,PHX,F,23,20,224.855,28,74,0.378,18,58,0.31,8,10,0.8,8,29,37,12,4,2,2,0,13,10,82,35
Alex Abrines,OKC,G,24,75,1134.18666666667,115,291,0.395,84,221,0.38,39,46,0.848,26,88,114,28,25,38,8,9,124,53,353,42
Alex Caruso,LAL,G,24,37,561.91,50,116,0.431,13,43,0.302,21,30,0.7,15,50,65,75,42,23,10,8,52,38,134,-3
Alex Len,PHX,C,25,69,1395.34666666667,214,378,0.566,1,3,0.333,158,231,0.684,175,343,518,82,78,27,61,43,158,189,587,-257
Alex Poythress,IND,F,24,25,104.125,11,26,0.423,4,11,0.364,0,0,0,7,10,17,2,2,3,1,0,16,2,26,-21
Alfonzo McKinnie,TOR,F,25,14,53.4383333333333,8,15,0.533,3,9,0.333,2,3,0.667,1,6,7,1,3,1,1,0,8,3,21,-14
Allen Crabbe,BKN,G-F,26,75,2197.2,337,827,0.407,201,532,0.378,115,135,0.852,28,296,324,117,78,47,35,26,168,101,990,-78
Amir Johnson,PHI,C-F,31,74,1170.30166666667,140,260,0.538,10,32,0.313,52,85,0.612,123,207,330,118,55,45,44,27,192,74,342,9
Andre Drummond,DET,C,24,78,2624.84833333333,466,881,0.529,0,11,0,239,395,0.605,399,848,1247,237,200,114,127,60,250,338,1171,-53
Andre Iguodala,GSW,G-F,34,64,1622.47833333333,148,320,0.463,33,117,0.282,55,87,0.632,50,196,246,210,67,54,38,12,99,98,384,276
Andre Ingram,LAL,G,32,2,64.1333333333333,8,17,0.471,5,9,0.556,3,3,1,1,5,6,7,3,3,3,0,3,5,24,20
Andre Roberson,OKC,G-F,26,39,1036.67833333333,87,162,0.537,8,36,0.222,12,38,0.316,75,110,185,46,30,45,35,10,89,37,194,188
Andrew Bogut,LAL,C,33,24,216.395,17,25,0.68,0,0,0,2,2,1,26,52,78,15,19,4,13,1,40,6,36,-29
Andrew Harrison,MEM,G,23,56,1326.27166666667,181,429,0.422,47,142,0.331,124,159,0.78,23,108,131,177,81,38,26,29,138,167,533,-201
Andrew White III,ATL,F,25,15,209.106666666667,25,73,0.342,18,49,0.367,1,4,0.25,4,30,34,6,8,3,1,2,12,6,69,-76
Andrew Wiggins,MIN,F,23,82,2978.70333333333,569,1300,0.438,112,338,0.331,202,314,0.643,82,276,358,160,138,91,51,62,163,240,1452,208
Ante Zizic,CLE,C,21,32,214.24,49,67,0.731,0,0,0,21,29,0.724,24,36,60,5,11,2,13,2,30,24,119,-39
Anthony Brown,MIN,F-G,25,1,3.73333333333333,1,1,1,1,1,1,0,0,0,0,0,0,1,0,0,0,0,0,0,3,3
Anthony Davis,NOP,F-C,25,75,2727.23666666667,780,1462,0.534,55,162,0.34,495,598,0.828,187,644,831,174,162,115,193,45,159,558,2110,294
Anthony Tolliver,DET,F,33,79,1757.055,219,472,0.464,159,365,0.436,106,133,0.797,50,191,241,90,58,32,21,13,144,118,703,24
Antonio Blakeney,CHI,G,21,19,313.9,53,143,0.371,15,52,0.288,30,39,0.769,4,29,33,20,11,7,1,9,19,25,151,-6
Antonius Cleveland,ATL,G,24,17,122.53,8,21,0.381,3,4,0.75,4,6,0.667,3,11,14,2,7,7,5,1,23,5,23,-45
Aron Baynes,BOS,C-F,31,81,1484.49333333333,210,446,0.471,3,21,0.143,59,78,0.756,130,304,434,93,80,22,51,33,200,109,482,185
Arron Afflalo,ORL,G,32,53,681.575,65,162,0.401,27,70,0.386,22,26,0.846,4,62,66,30,21,4,9,8,56,25,179,-95
Austin Rivers,LAC,G,25,61,2056.59166666667,341,805,0.424,136,360,0.378,102,159,0.642,27,118,145,242,109,74,16,57,152,133,920,-64
Avery Bradley,LAC,G,27,46,1433.07,259,625,0.414,75,203,0.369,63,82,0.768,22,94,116,94,101,51,8,53,92,88,656,-122
Bam Adebayo,MIA,C-F,20,69,1368.185,174,340,0.512,0,7,0,129,179,0.721,118,263,381,101,66,32,41,29,138,170,477,-31
Ben McLemore,MEM,G,25,56,1090.62,157,373,0.421,55,159,0.346,53,64,0.828,34,105,139,51,61,38,15,17,139,66,422,-317
Ben Moore,IND,F,23,2,9.28333333333333,0,0,0,0,0,0,0,0,0,0,1,1,1,0,0,0,0,4,1,0,-15
Ben Simmons,PHI,G-F,21,81,2731.55333333333,544,998,0.545,0,11,0,191,341,0.56,145,514,659,661,278,140,70,49,211,319,1279,388
Bismack Biyombo,ORL,C,25,82,1494.89,183,352,0.52,0,1,0,102,157,0.65,144,324,468,66,84,21,95,40,158,155,468,-429
Blake Griffin,DET,F,29,58,1969.82166666667,436,996,0.438,111,322,0.345,259,330,0.785,73,355,428,334,165,40,18,46,139,321,1242,60
Boban Marjanovic,LAC,C,29,39,337.87,79,148,0.534,0,0,0,77,97,0.794,48,96,144,22,36,10,11,14,51,78,235,55
Bobby Brown,HOU,G,33,20,114.933333333333,19,58,0.328,11,40,0.275,1,2,0.5,0,7,7,11,9,4,0,2,6,1,50,-59
Bobby Portis,CHI,F,23,73,1642.52,382,811,0.471,80,223,0.359,120,156,0.769,159,339,498,123,103,50,23,56,130,148,964,-83
Bogdan Bogdanovic,SAC,G,25,78,2175.155,344,772,0.446,129,329,0.392,100,119,0.84,31,192,223,258,125,72,16,33,172,121,917,-362
Bojan Bogdanovic,IND,F,29,80,2464.46166666667,404,852,0.474,155,386,0.402,178,205,0.868,30,240,270,119,106,55,8,61,129,168,1141,89
Bradley Beal,WAS,G,25,82,2976.70166666667,683,1484,0.46,199,530,0.375,292,369,0.791,61,302,363,373,214,96,36,62,160,298,1857,178
Brandan Wright,HOU,F,30,28,380.875,59,102,0.578,0,0,0,21,33,0.636,33,62,95,13,8,13,26,7,32,26,139,42
Brandon Ingram,LAL,F,20,59,1974.56166666667,358,761,0.47,41,105,0.39,192,282,0.681,57,257,314,230,149,45,43,59,163,237,949,-127
Brandon Jennings,MIL,G,28,14,205.143333333333,27,72,0.375,9,33,0.273,10,10,1,5,26,31,44,18,6,4,2,11,12,73,-63
Brandon Paul,SAS,G,27,64,575.84,55,127,0.433,15,54,0.278,22,43,0.512,6,62,68,37,29,25,7,5,58,59,147,-9
Briante Weber,MEM,G,25,18,236.503333333333,19,43,0.442,4,11,0.364,8,10,0.8,8,27,35,22,15,18,5,3,28,14,50,-106
Brice Johnson,MEM,F,24,18,97.9666666666667,20,42,0.476,0,1,0,3,5,0.6,9,22,31,2,5,9,6,3,13,3,43,-8
Brook Lopez,LAL,C,30,74,1734.94666666667,369,793,0.465,112,325,0.345,111,158,0.703,74,220,294,126,98,30,98,23,195,161,961,-78
Bruno Caboclo,SAC,F,22,12,106.298333333333,9,31,0.29,3,17,0.176,5,6,0.833,7,15,22,4,4,3,4,1,8,5,26,11
Bryn Forbes,SAS,G,24,80,1516.89166666667,209,497,0.421,89,228,0.39,48,72,0.667,12,98,110,80,37,28,2,19,108,64,555,122
Buddy Hield,SAC,G,25,80,2024.23166666667,416,933,0.446,176,408,0.431,71,81,0.877,55,252,307,155,124,85,22,54,148,75,1079,-154
C.J. Williams,LAC,G,28,38,706.501666666667,87,197,0.442,22,78,0.282,13,16,0.813,12,44,56,43,20,31,13,10,63,15,209,-33
CJ McCollum,POR,G,26,81,2923.67,667,1505,0.443,189,476,0.397,209,250,0.836,53,268,321,272,151,77,35,100,168,209,1732,118
CJ Miles,TOR,F-G,31,70,1336.5,227,599,0.379,164,454,0.361,81,97,0.835,18,134,152,55,39,37,21,19,134,76,699,270
Caleb Swanigan,POR,F,21,27,189.346666666667,24,60,0.4,1,8,0.125,12,18,0.667,15,39,54,14,18,5,3,4,37,15,61,-11
Cameron Payne,CHI,G,23,25,581.523333333333,87,215,0.405,35,91,0.385,12,16,0.75,18,51,69,113,36,26,9,21,44,26,221,-89
Caris LeVert,BKN,G,23,71,1863.68333333333,320,735,0.435,85,245,0.347,133,187,0.711,53,207,260,299,153,82,22,49,159,183,858,-263
Carmelo Anthony,OKC,F,34,78,2501.14,472,1168,0.404,169,474,0.357,148,193,0.767,67,386,453,103,99,47,49,54,197,155,1261,271
Cedi Osman,CLE,F,23,61,672.493333333333,90,186,0.484,32,87,0.368,26,46,0.565,19,101,120,41,32,22,3,4,78,40,238,35
Chandler Parsons,MEM,F,29,36,691.383333333333,108,234,0.462,51,121,0.421,17,27,0.63,14,76,90,69,35,18,11,10,53,31,284,-85
Channing Frye,LAL,F-C,35,53,694.858333333333,104,212,0.491,39,115,0.339,17,19,0.895,12,123,135,38,21,18,13,4,69,38,264,114
Charles Cooke,NOP,G,23,13,38.105,2,14,0.143,1,8,0.125,1,2,0.5,0,2,2,1,1,1,0,1,0,2,6,-9
Cheick Diallo,NOP,F-C,21,52,580.95,102,176,0.58,0,0,0,50,66,0.758,47,164,211,19,28,11,21,15,82,49,254,-106
Chinanu Onuaku,HOU,C,21,1,21.5666666666667,2,5,0.4,0,0,0,0,0,0,1,3,4,1,3,0,0,0,4,2,4,-8
Chris Boucher,GSW,F-C,25,1,1.31666666666667,0,1,0,0,1,0,0,0,0,0,1,1,0,0,0,0,0,0,0,0,-2
Chris McCullough,WAS,F,23,19,89.7666666666667,18,42,0.429,1,8,0.125,9,14,0.643,7,18,25,4,2,0,5,1,8,8,46,-16
Chris Paul,HOU,G,33,58,1846.55666666667,367,798,0.46,144,379,0.38,203,221,0.919,37,276,313,457,128,96,14,16,141,210,1081,499
Clint Capela,HOU,C,24,74,2034.10833333333,441,676,0.652,0,1,0,144,257,0.56,241,561,802,68,103,58,137,65,185,217,1026,379
Cody Zeller,CHA,F-C,25,33,627.183333333333,85,156,0.545,2,3,0.667,61,85,0.718,67,110,177,31,33,14,21,21,81,76,233,23
Cole Aldrich,MIN,C,29,21,48.6983333333333,5,15,0.333,0,0,0,2,6,0.333,3,12,15,3,1,2,1,1,11,3,12,-2
Corey Brewer,OKC,G-F,32,72,1208.51833333333,142,316,0.449,31,110,0.282,65,90,0.722,43,111,154,65,49,79,14,25,139,90,380,-56
Cory Joseph,IND,G,26,82,2209.91833333333,256,604,0.424,67,190,0.353,70,94,0.745,39,224,263,260,87,80,18,28,141,130,649,-50
Courtney Lee,NYK,G,32,76,2309.97833333333,343,755,0.454,113,278,0.406,114,124,0.919,30,194,224,180,84,80,17,29,109,74,913,-255
Cristiano Felicio,CHI,F-C,25,55,977.45,127,215,0.591,0,2,0,54,81,0.667,83,150,233,55,54,16,11,19,104,66,308,-335
D'Angelo Russell,BKN,G,22,48,1233.715,278,672,0.414,90,278,0.324,97,131,0.74,30,159,189,249,147,36,17,23,93,137,743,-182
D.J. Augustin,ORL,G,30,75,1760.04833333333,244,540,0.452,114,272,0.419,164,189,0.868,30,130,160,287,123,54,0,43,94,184,766,-128
D.J. Wilson,MIL,F,22,22,71.0983333333333,9,16,0.563,2,5,0.4,1,2,0.5,2,8,10,3,4,3,1,0,7,1,21,-41
Dakari Johnson,OKC,C,22,31,161.37,22,39,0.564,0,0,0,11,20,0.55,16,18,34,8,3,6,8,4,27,16,55,33
Damian Jones,GSW,C,23,15,88.7116666666667,11,22,0.5,0,0,0,3,5,0.6,5,9,14,2,4,1,3,3,14,10,25,0
Damian Lillard,POR,G,27,73,2669.89,621,1415,0.439,227,629,0.361,493,538,0.916,62,263,325,481,206,77,27,89,117,396,1962,345
Damien Wilkins,IND,G-F,38,19,152.405,13,39,0.333,4,18,0.222,3,4,0.75,5,11,16,9,5,2,1,0,7,3,33,27
Damion Lee,ATL,G-F,25,15,404.411666666667,62,152,0.408,15,60,0.25,22,29,0.759,11,60,71,29,14,19,1,13,25,29,161,-24
Damyean Dotson,NYK,G,24,44,474.061666666667,72,161,0.447,22,68,0.324,16,23,0.696,9,75,84,31,17,12,2,4,34,22,182,-38
Daniel Hamilton,OKC,G-F,22,6,27.7283333333333,5,11,0.455,2,5,0.4,0,0,0,0,5,5,8,2,1,0,1,2,1,12,-12
Daniel Theis,BOS,F-C,26,63,935.63,126,233,0.541,18,58,0.31,61,81,0.753,90,184,274,56,56,30,48,15,157,87,331,1
Danilo Gallinari,LAC,F,29,21,671.055,102,256,0.398,36,111,0.324,81,87,0.931,9,92,101,41,26,13,10,14,30,80,321,11
Danny Green,SAS,G,31,70,1791.08666666667,217,561,0.387,116,320,0.363,50,65,0.769,41,208,249,110,74,63,80,16,122,67,600,89
Dante Cunningham,BKN,F,31,73,1561.885,164,364,0.451,58,168,0.345,31,52,0.596,78,220,298,48,33,39,30,24,111,52,417,-80
Dante Exum,UTA,G,22,14,234.518333333333,42,87,0.483,5,18,0.278,25,31,0.806,4,22,26,43,20,8,3,4,20,26,114,32
Danuel House Jr.,PHX,F-G,25,23,402.625,56,129,0.434,15,58,0.259,25,31,0.806,13,63,76,25,11,7,6,12,23,25,152,19
Dario Saric,PHI,F-C,24,78,2310.07,403,890,0.453,157,399,0.393,178,207,0.86,154,366,520,202,148,51,20,55,160,175,1141,286
Darius Miller,NOP,F,28,82,1944.44,216,487,0.444,147,358,0.411,58,67,0.866,18,146,164,111,58,28,17,7,160,45,637,-22
Darrell Arthur,DEN,F,30,19,140.771666666667,22,47,0.468,8,23,0.348,2,3,0.667,3,12,15,9,15,8,3,2,22,3,54,-33
Darren Collison,IND,G,30,69,2018.36,316,638,0.495,96,205,0.468,127,144,0.882,37,141,178,368,86,92,15,32,122,120,855,128
Darrun Hilliard,SAS,G,25,14,95.195,5,19,0.263,0,6,0,6,7,0.857,0,7,7,11,4,2,0,2,7,5,16,12
David Nwaba,CHI,G-F,25,70,1645.95333333333,202,423,0.478,18,52,0.346,133,203,0.655,89,237,326,104,77,59,29,48,158,150,555,-240
David Stockton,UTA,G,27,3,9.33333333333333,2,3,0.667,2,3,0.667,4,4,1,0,0,0,0,1,0,0,0,3,2,10,-11
David West,GSW,F,37,73,998.696666666667,216,378,0.571,3,8,0.375,60,79,0.759,64,174,238,138,80,47,75,11,120,82,495,35
Davis Bertans,SAS,F,25,77,1086.20833333333,161,366,0.44,94,252,0.373,40,49,0.816,18,135,153,74,36,26,28,6,93,53,456,89
Davon Reed,PHX,G,23,21,242.158333333333,22,76,0.289,11,38,0.289,8,12,0.667,2,37,39,13,10,10,2,7,17,10,63,-75
De'Aaron Fox,SAC,G,20,73,2025.53,328,797,0.412,47,153,0.307,141,195,0.723,33,171,204,320,173,70,20,64,163,196,844,-414
DeAndre Jordan,LAC,C,29,77,2423.43666666667,373,578,0.645,0,0,0,181,312,0.58,329,842,1171,117,137,39,70,33,203,291,927,-129
DeAndre Liggins,NOP,G,30,58,723.558333333333,40,106,0.377,19,53,0.358,2,5,0.4,7,68,75,48,20,37,14,6,81,30,101,-211
DeAndre' Bembry,ATL,G-F,23,26,455.216666666667,53,128,0.414,11,30,0.367,19,33,0.576,8,64,72,49,47,21,12,11,38,33,136,-75
DeMar DeRozan,TOR,G-F,28,80,2711.72166666667,645,1413,0.456,89,287,0.31,461,559,0.825,59,256,315,417,175,85,22,78,151,394,1840,442
DeMarcus Cousins,NOP,C,27,48,1737.07,406,864,0.47,104,294,0.354,294,394,0.746,105,512,617,257,242,79,76,61,183,376,1210,78
DeMarre Carroll,BKN,F,31,73,2179.71666666667,325,785,0.414,145,391,0.371,188,246,0.764,105,374,479,147,103,59,30,56,165,180,983,-64
Dejounte Murray,SAS,G,21,81,1742.925,270,609,0.443,9,34,0.265,105,148,0.709,110,349,459,231,134,97,31,46,151,145,654,151
Delon Wright,TOR,G,26,69,1432.72333333333,201,432,0.465,56,153,0.366,97,117,0.829,45,153,198,200,78,72,33,26,81,126,555,236
Demetrius Jackson,PHI,G,23,15,79.95,7,18,0.389,1,7,0.143,1,2,0.5,5,7,12,9,10,5,1,3,7,2,16,-38
Dennis Schroder,ATL,G,24,67,2077.92166666667,500,1146,0.436,76,262,0.29,225,265,0.849,44,164,208,417,183,72,6,113,147,270,1301,-277
Dennis Smith Jr.,DAL,G,20,69,2049.105,404,1024,0.395,106,339,0.313,134,193,0.694,50,210,260,358,194,71,18,101,152,178,1048,-325
Denzel Valentine,CHI,G,24,77,2095.14166666667,301,721,0.417,143,370,0.386,38,51,0.745,48,345,393,244,99,65,11,28,185,45,783,-269
Derrick Favors,UTA,F,26,77,2153.40166666667,395,702,0.563,14,63,0.222,140,215,0.651,198,354,552,102,88,54,82,41,164,176,944,143
Derrick Jones Jr.,MIA,F,21,20,245.171666666667,21,53,0.396,3,18,0.167,16,24,0.667,21,17,38,9,7,4,13,4,24,19,61,-36
Derrick Rose,MIN,G,29,25,419.24,81,186,0.435,7,30,0.233,40,46,0.87,13,22,35,37,35,7,4,16,16,31,209,-53
Derrick Walton Jr.,MIA,G,23,16,147.213333333333,8,25,0.32,7,17,0.412,6,6,1,2,14,16,16,2,7,3,1,7,6,29,-30
Derrick White,SAS,G,23,17,138.728333333333,16,33,0.485,8,13,0.615,14,20,0.7,5,21,26,9,6,4,3,2,8,14,54,31
Derrick Williams,LAL,F,27,2,8.525,1,4,0.25,0,2,0,0,0,0,0,1,1,0,0,0,0,2,0,0,2,-5
Devin Booker,PHX,G,21,54,1865.29666666667,455,1054,0.432,147,384,0.383,289,329,0.878,26,218,244,253,194,47,14,60,168,290,1346,-358
Devin Harris,DEN,G,35,71,1339.52166666667,187,454,0.412,79,227,0.348,142,170,0.835,12,115,127,152,76,47,12,22,158,173,595,104
Devin Robinson,WAS,F,23,1,13.2133333333333,1,3,0.333,0,0,0,0,0,0,2,3,5,0,0,1,0,1,2,2,2,10
Dewayne Dedmon,ATL,C,28,62,1542.27333333333,250,477,0.524,50,141,0.355,67,86,0.779,100,389,489,90,85,40,51,12,162,97,617,-158
Deyonta Davis,MEM,C-F,21,62,942.673333333333,161,265,0.608,0,0,0,38,57,0.667,75,175,250,40,32,15,39,6,125,48,360,-160
Dillon Brooks,MEM,G-F,22,82,2349.83166666667,340,772,0.44,94,264,0.356,124,166,0.747,49,208,257,135,124,73,17,48,233,177,898,-244
Dion Waiters,MIA,G,26,30,917.53,163,410,0.398,52,170,0.306,51,69,0.739,8,69,77,113,70,23,9,19,61,74,429,-85
Dirk Nowitzki,DAL,F,40,77,1900.33833333333,346,758,0.456,138,337,0.409,97,108,0.898,22,416,438,120,51,43,45,5,146,119,927,-55
Domantas Sabonis,IND,F-C,22,74,1810.12,340,661,0.514,13,37,0.351,168,224,0.75,165,407,572,151,137,40,32,48,220,216,861,34
Donovan Mitchell,UTA,G,21,79,2638.11,595,1362,0.437,187,550,0.34,239,297,0.805,52,244,296,291,215,118,27,81,213,264,1616,359
Dorian Finney-Smith,DAL,F,25,21,448.34,46,121,0.38,20,67,0.299,11,15,0.733,22,53,75,26,21,10,4,8,43,13,123,-24
Doug McDermott,DAL,F,26,81,1768.00166666667,237,508,0.467,92,216,0.426,64,81,0.79,40,160,200,79,56,19,16,27,122,72,630,-36
Dragan Bender,PHX,F,20,82,2069.38,187,484,0.386,118,322,0.366,39,51,0.765,40,321,361,130,112,22,53,24,166,59,531,-471
Draymond Green,GSW,F,28,70,2286.85333333333,281,619,0.454,77,256,0.301,134,173,0.775,75,460,535,508,202,95,91,33,185,178,773,309
Dwayne Bacon,CHA,G-F,22,53,712.998333333333,72,192,0.375,11,43,0.256,20,25,0.8,4,120,124,38,23,16,2,4,46,25,175,11
Dwight Buycks,DET,G,29,29,427.236666666667,82,198,0.414,15,45,0.333,36,41,0.878,12,29,41,59,39,19,2,25,39,43,215,4
Dwight Howard,CHA,C-F,32,81,2463.34333333333,506,911,0.555,1,7,0.143,334,582,0.574,255,757,1012,105,208,48,131,79,249,439,1347,89
Dwight Powell,DAL,F-C,26,79,1671.745,255,430,0.593,28,84,0.333,133,185,0.719,135,309,444,91,59,67,32,25,186,217,671,6
Dwyane Wade,MIA,G,36,67,1536.11333333333,299,682,0.438,32,111,0.288,135,189,0.714,50,202,252,228,140,61,47,33,124,141,765,25
E'Twaun Moore,NOP,G,29,82,2585.85833333333,423,832,0.508,128,301,0.425,48,68,0.706,57,181,238,187,102,79,12,35,182,75,1022,148
Ed Davis,POR,C-F,29,78,1470.885,170,292,0.582,0,1,0,74,111,0.667,183,392,575,40,66,32,52,30,188,118,414,90
Edmond Sumner,IND,G,22,1,2.16666666666667,1,1,1,0,0,0,0,0,0,0,1,1,0,0,0,0,0,1,1,2,-6
Ekpe Udoh,UTA,C-F,31,63,809.671666666667,60,120,0.5,0,1,0,42,56,0.75,68,82,150,53,20,43,74,11,105,60,162,63
Elfrid Payton,PHX,G,24,63,1808.51,329,667,0.493,30,92,0.326,109,168,0.649,64,210,274,393,168,83,22,56,147,158,797,-459
Emeka Okafor,NOP,C,35,26,353.235,48,95,0.505,0,0,0,18,22,0.818,47,73,120,8,13,8,25,11,30,21,114,0
Emmanuel Mudiay,NYK,G,22,64,1244.22333333333,204,526,0.388,47,148,0.318,98,129,0.76,26,126,152,206,113,41,11,46,80,111,553,-267
Enes Freedom,NYK,C,26,71,1829.7,422,713,0.592,0,2,0,156,184,0.848,273,507,780,105,122,36,37,68,187,177,1000,-185
Eric Bledsoe,MIL,G,28,74,2321.61333333333,468,989,0.473,125,360,0.347,252,317,0.795,51,233,284,370,216,149,42,44,185,300,1313,121
Eric Gordon,HOU,G,29,69,2153.98333333333,415,970,0.428,218,608,0.359,195,241,0.809,25,145,170,154,130,44,27,51,116,188,1243,587
Eric Moreland,DET,F-C,26,67,805.115,66,122,0.541,0,0,0,11,29,0.379,81,197,278,78,41,31,51,10,116,60,143,4
Erik McCree,UTA,F,24,4,7.52166666666667,0,2,0,0,1,0,0,0,0,0,1,1,0,1,1,0,1,0,0,0,-9
Ersan Ilyasova,PHI,F,31,69,1729.64833333333,277,613,0.452,91,253,0.36,105,135,0.778,118,287,405,90,72,61,26,24,157,163,750,23
Evan Fournier,ORL,G-F,25,57,1837.215,368,802,0.459,127,335,0.379,150,173,0.867,23,157,180,165,95,47,16,46,138,136,1013,-117
Evan Turner,POR,G-F,29,79,2033.82833333333,258,577,0.447,42,132,0.318,91,107,0.85,30,214,244,173,99,47,29,15,163,116,649,-51
Frank Kaminsky,CHA,F-C,25,79,1835.18833333333,307,716,0.429,104,274,0.38,155,194,0.799,46,242,288,129,66,36,19,39,95,145,873,-57
Frank Mason III,SAC,G,24,52,983.993333333333,144,380,0.379,31,86,0.36,94,115,0.817,30,100,130,147,65,34,10,24,72,100,413,-34
Frank Ntilikina,NYK,G,19,78,1705.64833333333,182,500,0.364,50,157,0.318,49,68,0.721,37,140,177,250,131,65,18,21,181,72,463,-100
Fred VanVleet,TOR,G,24,76,1520.08833333333,232,545,0.426,108,261,0.414,84,101,0.832,25,159,184,243,74,68,19,46,130,117,656,352
Furkan Korkmaz,PHI,G-F,20,14,79.7333333333333,8,28,0.286,5,17,0.294,2,4,0.5,2,9,11,4,2,2,1,1,12,4,23,-44
Garrett Temple,SAC,G-F,32,65,1615.07666666667,199,476,0.418,89,227,0.392,60,78,0.769,22,130,152,124,79,57,27,15,135,87,547,-263
Gary Harris,DEN,G,23,67,2304.55,440,908,0.485,156,394,0.396,134,162,0.827,37,139,176,194,119,122,15,41,119,145,1170,175
Gary Payton II,LAL,G,25,23,220.86,30,74,0.405,6,25,0.24,3,9,0.333,13,31,44,21,7,7,3,4,30,5,69,12
George Hill,CLE,G,32,67,1812.12666666667,236,513,0.46,85,205,0.415,110,140,0.786,42,139,181,186,88,61,27,18,128,154,667,-123
Georges Niang,UTA,F,25,9,31.68,4,11,0.364,0,4,0,1,2,0.5,3,6,9,3,3,2,0,1,1,2,9,-13
Georgios Papagiannis,POR,C,20,17,121.611666666667,18,42,0.429,0,0,0,0,0,0,13,24,37,9,8,4,6,2,12,3,36,-5
Gerald Green,HOU,G-F,32,41,929.155,168,413,0.407,110,298,0.369,51,60,0.85,15,118,133,25,31,24,15,7,87,47,497,93
Gian Clavell,DAL,G,24,7,63.6333333333333,6,18,0.333,6,15,0.4,2,2,1,1,6,7,3,2,2,0,0,8,6,20,19
Giannis Antetokounmpo,MIL,F,23,75,2756.20333333333,742,1402,0.529,43,140,0.307,487,641,0.76,156,597,753,361,223,109,106,85,231,511,2014,148
Glenn Robinson III,IND,F,24,23,337.776666666667,36,85,0.424,14,34,0.412,9,11,0.818,11,26,37,17,5,13,1,5,14,15,95,-1
Goran Dragic,MIA,G,32,75,2377.545,484,1075,0.45,111,300,0.37,217,271,0.801,54,252,306,359,166,63,12,52,180,254,1296,21
Gordon Hayward,BOS,F,28,1,5.25,1,2,0.5,0,1,0,0,0,0,0,1,1,0,0,0,0,0,1,0,2,3
Gorgui Dieng,MIN,C,28,79,1332.615,186,388,0.479,19,61,0.311,79,102,0.775,106,254,360,71,59,45,39,29,147,94,470,-202
Greg Monroe,BOS,F-C,28,51,1040.84833333333,218,386,0.565,0,0,0,88,119,0.739,109,241,350,114,94,44,23,27,95,105,524,-213
Guerschon Yabusele,BOS,F,22,33,235.056666666667,26,61,0.426,12,37,0.324,15,22,0.682,17,35,52,16,12,4,5,1,23,14,79,-7
Harrison Barnes,DAL,F,26,77,2634.47,537,1208,0.445,119,333,0.357,259,313,0.827,77,391,468,152,118,49,14,51,94,242,1452,-327
Hassan Whiteside,MIA,C,29,54,1364.07,312,578,0.54,2,2,1,128,182,0.703,174,444,618,54,92,37,94,52,131,169,754,-79
Henry Ellenson,DET,F,21,38,328.923333333333,53,146,0.363,20,60,0.333,25,29,0.862,10,71,81,20,18,5,0,2,22,21,151,-5
Ian Clark,NOP,G,27,74,1454.34,222,495,0.448,62,195,0.318,45,59,0.763,10,117,127,110,57,33,10,28,120,55,551,26
Ian Mahinmi,WAS,C,31,77,1145.32666666667,138,248,0.556,0,2,0,90,128,0.703,135,177,312,53,100,38,42,26,230,116,366,14
Ike Anigbogu,IND,C-F,19,11,29.79,4,9,0.444,0,0,0,5,6,0.833,5,4,9,0,2,1,3,2,1,3,13,-14
Iman Shumpert,SAC,G,28,14,276.195,22,58,0.379,7,26,0.269,11,15,0.733,7,34,41,17,16,9,4,3,22,14,62,28
Isaiah Canaan,PHX,G,27,20,421.693333333333,52,137,0.38,22,66,0.333,46,51,0.902,6,39,45,76,29,16,1,12,36,41,172,20
Isaiah Hicks,NYK,F,23,18,239.47,33,72,0.458,2,9,0.222,12,18,0.667,10,31,41,16,16,2,4,9,45,15,80,-45
Isaiah Taylor,ATL,G,23,67,1167.01166666667,163,390,0.418,20,80,0.25,99,141,0.702,22,72,94,206,84,34,10,33,116,121,445,-36
Isaiah Thomas,LAL,G,29,32,861.68,157,421,0.373,55,188,0.293,117,131,0.893,17,50,67,153,95,15,3,43,58,117,486,-119
Isaiah Whitehead,BKN,G,23,16,179.658333333333,40,86,0.465,7,18,0.389,13,19,0.684,4,22,26,20,24,8,2,8,23,13,100,-8
Ish Smith,DET,G,29,82,2042.635,389,801,0.486,35,101,0.347,81,116,0.698,27,197,224,360,108,64,20,46,140,133,894,44
Ivan Rabb,MEM,F,21,36,515.61,86,152,0.566,0,0,0,29,36,0.806,53,105,158,32,35,12,13,12,55,39,201,-96
Ivica Zubac,LAL,C,21,43,409.821666666667,61,122,0.5,0,1,0,39,51,0.765,45,78,123,25,26,8,15,12,47,46,161,42
J.J. Barea,DAL,G,34,69,1603.26166666667,303,690,0.439,115,313,0.367,80,102,0.784,15,186,201,434,143,35,3,24,83,139,801,18
JJ Redick,PHI,G,34,70,2115.85333333333,404,879,0.46,193,460,0.42,197,218,0.904,9,169,178,210,103,35,6,30,123,168,1198,311
JR Smith,CLE,G,32,80,2244.145,240,595,0.403,143,381,0.375,39,56,0.696,29,206,235,141,81,68,11,7,161,74,662,-116
JaKarr Sampson,SAC,F,25,22,344.216666666667,44,81,0.543,5,10,0.5,10,16,0.625,21,57,78,9,8,8,22,7,48,19,103,1
JaMychal Green,MEM,F-C,28,55,1541.81333333333,223,488,0.457,43,127,0.339,80,111,0.721,147,317,464,79,76,32,25,41,153,93,569,-250
JaVale McGee,GSW,C-F,30,65,615.386666666667,136,219,0.621,0,6,0,38,52,0.731,59,110,169,33,27,21,57,8,91,44,310,39
Jabari Bird,BOS,G,23,13,114.53,15,26,0.577,3,7,0.429,6,13,0.462,6,13,19,8,8,3,1,2,7,7,39,18
Jabari Parker,MIL,F,23,31,742.748333333333,160,332,0.482,31,81,0.383,40,54,0.741,42,109,151,59,45,25,10,17,50,36,391,-65
Jack Cooley,SAC,C-F,27,7,87.2733333333333,13,27,0.481,0,0,0,14,19,0.737,14,16,30,6,3,1,0,4,13,19,40,-4
Jacob Pullen,PHI,G,28,3,6.08333333333333,1,2,0.5,0,1,0,0,0,0,0,0,0,0,1,0,0,0,0,0,2,0
Jacob Wiley,BKN,F,23,5,33.2566666666667,1,4,0.25,1,2,0.5,1,2,0.5,2,9,11,2,0,1,0,0,4,1,4,13
Jae Crowder,UTA,F,27,80,2089.545,271,671,0.404,110,341,0.323,121,148,0.818,59,216,275,99,74,64,21,34,187,119,773,27
Jahlil Okafor,BKN,C-F,22,28,352.831666666667,77,138,0.558,1,4,0.25,21,29,0.724,21,64,85,12,21,3,18,14,51,36,176,-163
Jake Layman,POR,F,24,35,160.326666666667,14,47,0.298,4,20,0.2,2,3,0.667,4,12,16,11,5,6,4,1,13,2,34,-21
Jakob Poeltl,TOR,C,22,82,1523.545,253,384,0.659,1,2,0.5,60,101,0.594,165,228,393,57,85,39,100,35,212,115,567,249
Jalen Jones,DAL,F,25,16,181.371666666667,26,68,0.382,10,26,0.385,12,19,0.632,13,25,38,4,7,5,1,9,22,18,74,-32
Jamal Crawford,MIN,G,38,80,1653.25833333333,308,742,0.415,104,314,0.331,102,113,0.903,21,78,99,185,95,40,9,17,85,117,822,-152
Jamal Murray,DEN,G,21,81,2564.71833333333,479,1062,0.451,165,436,0.378,229,253,0.905,82,215,297,274,172,79,28,55,173,202,1352,226
Jameel Warney,DAL,F,24,3,26.85,7,12,0.583,0,0,0,3,5,0.6,4,5,9,0,1,0,0,2,2,5,17,-5
Jameer Nelson,DET,G,36,50,1013.165,95,244,0.389,41,124,0.331,16,20,0.8,13,91,104,179,67,27,4,9,81,48,247,-107
Jamel Artis,ORL,G,25,15,279.008333333333,31,79,0.392,8,29,0.276,7,12,0.583,4,34,38,18,8,2,3,3,11,11,77,-6
James Ennis III,DET,F,27,72,1604.03,182,384,0.474,51,153,0.333,97,116,0.836,73,151,224,71,56,47,18,24,134,92,512,-182
James Harden,HOU,G,28,72,2550.785,651,1449,0.449,265,722,0.367,624,727,0.858,41,348,389,630,315,126,50,98,169,505,2191,522
James Johnson,MIA,F,31,73,1943.28666666667,309,614,0.503,57,185,0.308,113,162,0.698,61,297,358,280,141,70,51,27,192,125,788,0
James Michael McAdoo,PHI,F,25,3,17.95,2,7,0.286,2,7,0.286,2,2,1,0,2,2,0,1,0,1,0,1,1,8,1
James Webb III,BKN,F,24,10,119.931666666667,6,24,0.25,4,19,0.211,0,0,0,8,16,24,4,4,1,0,0,10,1,16,-26
James Young,PHI,G-F,22,6,61.1083333333333,5,14,0.357,3,10,0.3,4,6,0.667,0,2,2,2,1,0,0,0,4,3,17,-26
Jamil Wilson,LAC,F,27,15,273.756666666667,38,81,0.469,27,63,0.429,2,4,0.5,3,29,32,10,8,5,8,2,34,8,105,-1
Jared Dudley,PHX,F,32,48,686.485,48,122,0.393,29,80,0.363,27,35,0.771,8,86,94,78,28,24,11,5,85,41,152,2
Jarell Eddie,CHI,G-F,26,3,8.61666666666667,0,2,0,0,2,0,0,0,0,0,1,1,0,0,1,0,0,0,0,0,1
Jarell Martin,MEM,F,24,73,1660.62666666667,221,496,0.446,34,98,0.347,89,116,0.767,97,221,318,73,86,39,49,39,211,96,565,-264
Jarrett Allen,BKN,C,20,72,1441.115,234,397,0.589,5,15,0.333,114,147,0.776,144,244,388,49,82,28,88,39,147,110,587,-142
Jarrett Jack,NYK,G,34,62,1547.56833333333,189,443,0.427,25,86,0.291,63,75,0.84,22,169,191,348,115,35,4,20,98,102,466,-16
Jason Smith,WAS,F-C,32,33,284.746666666667,45,115,0.391,4,32,0.125,19,21,0.905,18,35,53,14,16,3,13,8,44,26,113,-83
Jason Terry,MIL,G,40,51,813.646666666667,59,154,0.383,40,115,0.348,8,9,0.889,5,43,48,59,25,42,13,5,52,11,166,19
Jawun Evans,LAC,G,21,48,777.858333333333,89,253,0.352,15,54,0.278,38,49,0.776,9,75,84,100,44,36,6,25,97,66,231,9
Jaylen Brown,BOS,G-F,21,70,2151.745,373,803,0.465,121,306,0.395,150,233,0.644,66,280,346,114,124,70,26,53,181,203,1017,341
Jaylen Morris,ATL,G,22,6,98.49,13,32,0.406,2,10,0.2,0,0,0,2,14,16,7,6,2,1,5,2,2,28,-42
Jayson Tatum,BOS,F-G,20,80,2442.91166666667,397,835,0.475,105,242,0.434,213,258,0.826,50,352,402,128,114,83,58,59,170,199,1112,343
Jeff Green,CLE,F,31,78,1827.8,295,618,0.477,53,170,0.312,203,234,0.868,60,186,246,99,75,41,34,39,149,188,846,104
Jeff Teague,MIN,G,30,70,2311.26166666667,354,794,0.446,84,228,0.368,202,239,0.845,24,185,209,492,177,102,23,47,171,228,994,138
Jeff Withey,DAL,C,28,10,39.3,6,16,0.375,2,10,0.2,1,2,0.5,1,9,10,0,2,0,3,1,3,4,15,21
Jerami Grant,OKC,F,24,81,1647.11166666667,244,456,0.535,32,110,0.291,162,240,0.675,86,233,319,57,54,31,77,45,155,218,682,17
Jeremy Evans,ATL,F,30,1,5.35,1,1,1,0,0,0,0,0,0,1,0,1,0,1,0,0,0,1,0,2,-4
Jeremy Lamb,CHA,G-F,26,80,1967.36,380,832,0.457,94,254,0.37,179,208,0.861,49,275,324,186,93,61,32,32,138,175,1033,77
Jeremy Lin,BKN,G,29,1,25.1833333333333,5,12,0.417,1,2,0.5,7,7,1,0,0,0,4,3,0,0,1,3,4,18,-6
Jerian Grant,CHI,G,25,74,1686.33,209,503,0.416,61,187,0.326,140,188,0.745,31,140,171,342,89,63,8,17,132,175,619,-252
Jerryd Bayless,PHI,G,29,39,924.691666666667,109,262,0.416,54,146,0.37,35,44,0.795,15,65,80,54,46,23,6,18,91,43,307,-69
Jimmy Butler,MIN,F,28,59,2163.99666666667,437,921,0.474,70,200,0.35,363,425,0.854,79,235,314,288,108,116,24,43,78,307,1307,374
Joakim Noah,NYK,F-C,33,7,40.145,5,10,0.5,0,0,0,2,4,0.5,6,8,14,4,4,2,2,0,5,6,12,0
Jodie Meeks,WAS,G,30,77,1118.72833333333,157,393,0.399,72,210,0.343,101,117,0.863,15,111,126,70,37,29,4,20,55,78,487,-153
Joe Harris,BKN,G-F,26,78,1974.59833333333,305,621,0.491,150,358,0.419,86,104,0.827,51,209,260,128,91,35,20,46,153,93,846,-120
Joe Ingles,UTA,F-G,30,82,2578.49833333333,335,718,0.467,204,464,0.44,66,83,0.795,24,320,344,392,159,90,20,23,178,141,940,265
Joe Johnson,HOU,G-F,37,55,1204.75,146,360,0.406,40,145,0.276,40,45,0.889,14,158,172,83,49,18,7,3,67,40,372,-80
Joe Young,IND,G,26,53,558.116666666667,80,186,0.43,25,66,0.379,22,29,0.759,12,51,63,39,26,14,1,9,39,37,207,-53
Joel Bolomboy,MIL,F,24,6,37.66,3,6,0.5,0,1,0,3,6,0.5,6,4,10,0,2,2,0,1,3,3,9,-13
Joel Embiid,PHI,C-F,24,63,1912.135,510,1056,0.483,66,214,0.308,359,467,0.769,143,547,690,199,234,40,111,74,209,410,1445,486
Joffrey Lauvergne,SAS,C,26,55,533.908333333333,98,190,0.516,0,5,0,30,47,0.638,63,108,171,41,33,9,3,20,45,38,226,-66
John Collins,ATL,F-C,20,74,1784.62,314,545,0.576,16,47,0.34,133,186,0.715,176,365,541,98,105,47,80,48,215,187,777,-220
John Henson,MIL,F-C,27,76,1969.505,287,502,0.572,1,7,0.143,90,158,0.57,150,363,513,114,84,45,109,31,202,149,665,165
John Holland,CLE,G-F,29,24,174.441666666667,17,59,0.288,11,36,0.306,9,13,0.692,6,18,24,5,8,7,2,2,10,13,54,-29
John Wall,WAS,G,27,41,1409.83,280,667,0.42,62,167,0.371,175,241,0.726,22,128,150,393,158,57,45,45,80,200,797,128
Johnathan Motley,DAL,F,23,11,175.765,40,75,0.533,1,6,0.167,15,28,0.536,14,35,49,7,9,3,2,7,18,23,96,-17
Johnny O'Bryant III,CHA,F-C,25,36,379.061666666667,68,171,0.398,14,43,0.326,21,25,0.84,29,64,93,14,15,9,6,7,45,26,171,-87
Jon Leuer,DET,F,29,8,136.466666666667,15,36,0.417,0,3,0,13,15,0.867,7,25,32,5,7,1,3,3,16,13,43,12
Jonas Jerebko,UTA,F,31,74,1133.515,159,341,0.466,65,157,0.414,46,57,0.807,53,193,246,42,27,24,12,15,127,57,429,56
Jonas Valanciunas,TOR,C,26,77,1727.24,390,687,0.568,30,74,0.405,170,211,0.806,183,477,660,81,115,29,69,47,192,181,980,227
Jonathan Gibson,BOS,G,30,4,39.935,14,23,0.609,6,12,0.5,0,0,0,0,3,3,4,3,0,0,0,5,3,34,-1
Jonathan Isaac,ORL,F,20,27,535.411666666667,55,145,0.379,16,46,0.348,19,25,0.76,16,83,99,18,27,33,30,5,48,37,145,-100
Jonathon Simmons,ORL,F,28,69,2029.24666666667,354,761,0.465,69,204,0.338,185,241,0.768,61,178,239,171,146,58,16,54,175,199,962,-296
Jordan Bell,GSW,F,23,57,808.913333333333,116,185,0.627,0,4,0,30,44,0.682,60,147,207,102,51,35,56,16,92,43,262,159
Jordan Clarkson,CLE,G,26,81,1887.39833333333,430,954,0.451,112,318,0.352,152,190,0.8,57,160,217,221,127,58,6,51,107,154,1124,-38
Jordan Crawford,NOP,G,29,5,53.2833333333333,12,27,0.444,8,14,0.571,1,1,1,2,2,4,13,5,1,1,2,7,0,33,-19
Jordan Mickey,MIA,C-F,23,23,284.058333333333,39,82,0.476,2,16,0.125,13,19,0.684,18,63,81,9,18,6,10,6,36,17,93,-30
Jose Calderon,CLE,G,36,57,914.325,93,185,0.503,45,97,0.464,24,30,0.8,14,70,84,117,41,27,2,8,81,48,255,65
Josh Gray,PHX,G,24,5,86.4333333333333,11,41,0.268,3,13,0.231,7,11,0.636,2,8,10,12,7,8,2,6,8,8,32,-69
Josh Hart,LAL,G,23,63,1460.52166666667,176,375,0.469,78,197,0.396,66,94,0.702,42,221,263,80,47,47,16,21,107,76,496,-72
Josh Huestis,OKC,G,26,69,981.548333333333,60,182,0.33,33,115,0.287,6,20,0.3,42,119,161,20,26,15,43,11,82,25,159,111
Josh Jackson,PHX,G-F,21,77,1959.21833333333,389,932,0.417,57,217,0.263,177,279,0.634,95,256,351,119,146,80,35,82,218,224,1012,-530
Josh Magette,ATL,G,28,18,216.165,15,46,0.326,8,22,0.364,8,8,1,2,17,19,57,9,8,1,2,16,18,46,-1
Josh McRoberts,DAL,F,31,2,5.75,0,1,0,0,1,0,0,0,0,0,0,0,0,0,0,0,0,2,0,0,0
Josh Richardson,MIA,G,24,81,2689.475,399,885,0.451,127,336,0.378,120,142,0.845,69,216,285,231,140,121,75,38,199,192,1045,41
Josh Smith,NOP,F,32,3,11.8216666666667,1,4,0.25,0,0,0,0,0,0,3,1,4,0,0,0,0,0,3,0,2,-10
Jrue Holiday,NOP,G,28,81,2926.73333333333,615,1244,0.494,120,356,0.337,187,238,0.786,62,303,365,486,213,123,64,57,201,226,1537,319
Juancho Hernangomez,DEN,F,22,25,277.08,29,75,0.387,14,50,0.28,10,12,0.833,18,36,54,12,9,6,3,4,25,13,82,-24
Julius Randle,LAL,F-C,23,82,2190.38333333333,504,904,0.558,10,45,0.222,305,425,0.718,181,473,654,210,213,43,45,105,274,340,1323,-81
Julyan Stone,CHA,G,29,23,174.755,6,13,0.462,6,13,0.462,1,2,0.5,1,28,29,26,7,4,2,1,21,6,19,38
Justin Anderson,PHI,F-G,24,38,519.15,87,202,0.431,34,103,0.33,28,38,0.737,25,68,93,25,16,15,7,13,54,31,236,-82
Justin Holiday,CHI,F-G,29,72,2264.925,290,782,0.371,161,449,0.359,135,164,0.823,31,260,291,153,93,80,31,30,134,122,876,-180
Justin Jackson,SAC,F,23,68,1506.25833333333,185,419,0.442,57,185,0.308,26,36,0.722,27,160,187,74,40,28,13,12,81,49,453,-238
Justin Patton,MIN,C,21,1,3.73333333333333,1,2,0.5,0,0,0,0,0,0,0,0,0,0,0,1,0,0,1,0,2,3
Justise Winslow,MIA,F-G,22,68,1680.45666666667,207,488,0.424,49,129,0.38,66,104,0.635,64,306,370,148,77,54,33,43,140,97,529,25
Jusuf Nurkic,POR,C,23,79,2088.11,480,951,0.505,0,7,0,172,273,0.63,189,519,708,143,183,64,111,67,247,277,1132,157
Kadeem Allen,BOS,G,25,18,107.188333333333,6,22,0.273,0,11,0,7,9,0.778,4,7,11,12,9,3,2,1,15,7,19,-20
Karl-Anthony Towns,MIN,C-F,22,82,2918.18833333333,639,1172,0.545,120,285,0.421,345,402,0.858,238,774,1012,199,159,64,115,64,285,380,1743,372
Kawhi Leonard,SAS,F,27,9,209.861666666667,52,111,0.468,11,35,0.314,31,38,0.816,6,36,42,21,16,18,9,5,9,27,146,17
Kay Felder,DET,G,23,16,139.541666666667,21,70,0.3,4,19,0.211,11,12,0.917,3,15,18,20,16,3,1,4,11,16,57,-48
Kelly Olynyk,MIA,F-C,27,76,1778.68166666667,316,636,0.497,106,280,0.379,134,174,0.77,89,342,431,207,147,62,35,38,222,217,872,233
Kelly Oubre Jr.,WAS,F-G,22,81,2230.65666666667,318,790,0.403,126,369,0.341,191,233,0.82,59,304,363,98,90,80,35,56,234,210,953,-113
Kemba Walker,CHA,G,28,80,2735.87833333333,588,1363,0.431,231,601,0.384,363,420,0.864,32,216,248,444,179,91,24,89,98,323,1770,204
Kendrick Perkins,CLE,C,33,1,14.5333333333333,1,2,0.5,0,0,0,1,2,0.5,0,1,1,2,1,1,0,1,1,1,3,3
Kenneth Faried,DEN,F-C,28,32,460.753333333333,76,148,0.514,0,1,0,36,51,0.706,68,85,153,18,23,12,13,10,51,53,188,-42
Kent Bazemore,ATL,G-F,28,65,1789.44166666667,284,676,0.42,108,274,0.394,160,201,0.796,25,223,248,228,157,100,45,35,147,177,836,-162
Kentavious Caldwell-Pope,LAL,G,25,74,2457.905,340,798,0.426,159,415,0.383,153,194,0.789,60,327,387,162,97,106,16,20,145,159,992,-51
Kevin Durant,GSW,F,29,68,2325.095,630,1222,0.516,173,413,0.419,359,404,0.889,31,433,464,366,207,50,119,38,133,326,1792,351
Kevin Love,CLE,F-C,29,59,1651.00833333333,334,729,0.458,137,330,0.415,234,266,0.88,101,445,546,103,90,43,24,49,120,232,1039,77
Kevon Looney,GSW,F,22,66,910.07,112,193,0.58,1,5,0.2,42,77,0.545,83,132,215,42,31,34,56,22,106,64,267,122
Khem Birch,ORL,C,25,42,578.406666666667,68,126,0.54,0,0,0,42,61,0.689,70,110,180,34,21,15,21,8,56,54,178,11
Khris Middleton,MIL,F,26,82,2981.965,593,1272,0.466,146,407,0.359,320,362,0.884,45,384,429,328,191,119,21,55,270,257,1652,97
Klay Thompson,GSW,G,28,73,2504.21666666667,575,1177,0.489,229,520,0.44,82,98,0.837,31,246,277,185,128,55,34,29,117,124,1461,397
Kobi Simmons,MEM,G,20,32,643.093333333333,80,189,0.423,11,39,0.282,25,25,1,14,36,50,68,44,18,5,12,61,39,196,-213
Kosta Koufos,SAC,C,29,71,1391.065,222,389,0.571,0,0,0,33,74,0.446,149,323,472,87,49,47,32,23,146,95,477,-223
Kris Dunn,CHI,G,24,52,1524.83333333333,286,666,0.429,43,134,0.321,84,114,0.737,24,197,221,310,150,104,27,36,174,112,699,-276
Kristaps Porzingis,NYK,F-C,22,48,1553.16833333333,390,889,0.439,90,228,0.395,218,275,0.793,62,254,316,57,93,36,115,43,141,285,1088,15
Kyle Anderson,SAS,F-G,24,74,1978.39,231,438,0.527,19,57,0.333,104,146,0.712,84,312,396,202,94,115,60,31,114,119,585,138
Kyle Collinsworth,DAL,G,26,32,479.556666666667,38,99,0.384,4,17,0.235,21,40,0.525,32,75,107,56,24,17,9,13,44,32,101,-29
Kyle Korver,CLE,G-F,37,73,1573.87166666667,222,484,0.459,164,376,0.436,64,72,0.889,9,156,165,88,55,31,27,17,130,70,672,274
Kyle Kuzma,LAL,F,22,77,2400.905,468,1039,0.45,159,434,0.366,147,208,0.707,88,395,483,141,140,49,34,54,160,160,1242,-123
Kyle Lowry,TOR,G,32,78,2509.60666666667,403,944,0.427,238,596,0.399,223,261,0.854,66,368,434,537,183,85,19,42,192,306,1267,399
Kyle O'Quinn,NYK,C-F,28,77,1386.595,224,384,0.583,4,17,0.235,98,127,0.772,121,349,470,158,100,36,98,37,192,112,550,-37
Kyle Singler,OKC,F,30,12,58.845,7,21,0.333,2,5,0.4,7,13,0.538,1,9,10,2,3,1,0,2,4,8,23,-1
Kyrie Irving,BOS,G,26,60,1931.425,534,1087,0.491,166,407,0.408,232,261,0.889,33,194,227,306,139,65,17,46,122,204,1466,257
LaMarcus Aldridge,SAS,C-F,32,75,2508.61833333333,687,1347,0.51,27,92,0.293,334,399,0.837,246,389,635,152,111,43,90,44,161,342,1735,281
Lance Stephenson,IND,F,27,82,1850.02833333333,303,709,0.427,67,232,0.289,84,127,0.661,62,362,424,235,131,46,17,33,177,128,757,-107
Lance Thomas,NYK,F,30,73,1353.05833333333,102,267,0.382,50,124,0.403,44,53,0.83,44,131,175,44,41,30,14,16,134,65,298,-181
Langston Galloway,DET,G,26,58,863.445,126,340,0.371,75,218,0.344,33,41,0.805,13,79,92,58,18,35,5,8,39,39,360,76
Larry Drew II,NOP,G,28,10,70.0416666666667,7,24,0.292,3,9,0.333,0,0,0,3,0,3,10,3,0,0,0,6,2,17,-13
Larry Nance Jr.,CLE,F-C,25,66,1420.51833333333,240,413,0.581,2,12,0.167,91,137,0.664,161,291,452,82,51,88,38,19,172,142,573,17
Lauri Markkanen,CHI,F-C,21,68,2020.02,374,862,0.434,145,401,0.362,140,166,0.843,79,429,508,79,83,39,40,49,103,188,1033,-387
LeBron James,CLE,F,33,82,3025.58833333333,857,1580,0.542,149,406,0.367,388,531,0.731,97,612,709,747,347,116,71,68,136,439,2251,105
London Perrantes,CLE,G,23,14,65.5233333333333,2,13,0.154,0,3,0,3,5,0.6,1,3,4,5,1,2,1,1,6,2,7,-20
Lonzo Ball,LAL,G,20,52,1780.05666666667,203,564,0.36,90,295,0.305,32,71,0.451,69,291,360,376,136,88,43,39,117,69,528,-19
Lorenzo Brown,TOR,G,27,14,138.55,14,34,0.412,2,12,0.167,2,2,1,1,14,15,13,3,5,0,1,7,1,32,46
Lou Williams,LAC,G,31,79,2589.09,582,1337,0.435,186,518,0.359,432,491,0.88,40,158,198,417,234,85,19,82,106,364,1782,120
Luc Mbah a Moute,HOU,F,31,61,1564.34666666667,166,345,0.481,63,173,0.364,65,95,0.684,22,164,186,55,68,72,25,26,100,70,460,303
Lucas Nogueira,TOR,C,25,49,417.84,49,80,0.613,5,19,0.263,19,28,0.679,18,69,87,22,16,23,43,4,49,27,122,88
Luis Montero,DET,G,25,2,7.95,0,1,0,0,0,0,0,0,0,0,2,2,0,2,0,0,0,0,0,0,-5
Luke Babbitt,MIA,F,29,50,714.753333333333,91,215,0.423,60,156,0.385,17,22,0.773,7,89,96,31,19,8,7,8,54,18,259,-33
Luke Kennard,DET,G,22,73,1462.77333333333,206,465,0.443,81,195,0.415,65,76,0.855,21,155,176,124,69,44,13,19,86,67,558,120
Luke Kornet,NYK,C-F,22,20,326.488333333333,49,125,0.392,28,79,0.354,8,11,0.727,11,53,64,26,12,6,16,3,28,17,134,-71
Luol Deng,LAL,F,33,1,13.133333333333301,1,2,0.5,0,0,0,0,0,0,0,0,0,1,1,1,0,0,0,0,2,-7
Malachi Richardson,TOR,G,22,26,323.315,30,90,0.333,12,40,0.3,17,22,0.773,5,29,34,13,10,10,1,7,27,18,89,-56
Malcolm Brogdon,MIL,G,25,48,1436.01666666667,244,503,0.485,62,161,0.385,75,85,0.882,23,133,156,152,66,41,13,40,128,72,625,-62
Malcolm Delaney,ATL,G,29,54,1014.16666666667,109,285,0.382,46,124,0.371,74,92,0.804,9,91,100,163,66,35,6,18,82,107,338,-104
Malcolm Miller,TOR,G-F,25,15,125.75,13,28,0.464,8,21,0.381,4,4,1,4,11,15,3,5,1,2,0,10,3,38,7
Malik Beasley,DEN,G,21,62,582.731666666667,73,178,0.41,28,82,0.341,22,33,0.667,14,57,71,31,24,15,7,12,36,32,196,-27
Malik Monk,CHA,G,20,63,853.505,153,425,0.36,83,243,0.342,32,38,0.842,8,58,66,91,49,20,9,13,60,46,421,-191
Mangok Mathiang,CHA,F-C,25,4,19.8,4,7,0.571,0,0,0,0,1,0,3,7,10,0,0,1,0,0,5,1,8,1
Manu Ginobili,SAS,G,40,65,1298.91833333333,201,463,0.434,64,192,0.333,110,131,0.84,19,123,142,163,105,43,16,25,126,140,576,72
MarShon Brooks,MEM,G-F,29,7,192.583333333333,51,102,0.5,19,32,0.594,20,23,0.87,8,13,21,25,16,11,3,4,6,17,141,10
Marc Gasol,MEM,C,33,73,2408.335,434,1033,0.42,109,320,0.341,281,337,0.834,78,514,592,305,194,54,101,45,185,346,1258,-313
Marcin Gortat,WAS,C,34,82,2074.495,290,560,0.518,0,0,0,110,163,0.675,181,442,623,151,99,40,61,53,175,185,690,107
Marco Belinelli,PHI,G,32,80,1946.73166666667,337,764,0.441,149,395,0.377,148,163,0.908,20,131,151,148,94,66,12,21,91,150,971,-28
Marcus Georges-Hunt,MIN,G,24,42,224.361666666667,21,48,0.438,4,15,0.267,13,21,0.619,7,9,16,7,3,6,0,2,32,17,59,-34
Marcus Morris Sr.,BOS,F,28,54,1442.055,262,611,0.429,86,234,0.368,124,154,0.805,43,246,289,72,65,35,12,23,100,127,734,21
Marcus Paige,CHA,G,24,5,28.0166666666667,4,14,0.286,2,8,0.25,2,2,1,0,4,4,3,0,0,0,1,0,1,12,8
Marcus Smart,BOS,G,24,54,1613.58833333333,189,515,0.367,75,249,0.301,97,133,0.729,43,145,188,259,129,71,23,18,133,152,550,213
Mario Chalmers,MEM,G,32,66,1421.35166666667,168,443,0.379,53,191,0.277,118,138,0.855,13,144,157,197,117,79,14,32,179,169,507,-60
Mario Hezonja,ORL,F-G,23,75,1657.04333333333,273,617,0.442,90,267,0.337,86,105,0.819,41,240,281,106,86,81,31,33,134,91,722,-203
Markel Brown,HOU,G,26,4,31.4833333333333,2,7,0.286,1,5,0.2,0,0,0,1,4,5,2,2,0,0,0,6,1,5,-17
Markelle Fultz,PHI,G,20,14,252.981666666667,45,111,0.405,0,1,0,10,21,0.476,11,32,43,53,17,12,4,18,22,20,100,20
Markieff Morris,WAS,F,28,73,1967.75333333333,330,687,0.48,76,207,0.367,105,128,0.82,75,334,409,142,127,56,38,32,216,121,841,27
Marquese Chriss,PHX,F,20,72,1526.9,202,477,0.423,56,190,0.295,96,158,0.608,76,319,395,83,107,51,70,42,205,131,556,-298
Marquis Teague,MEM,G,25,3,73.7833333333333,4,16,0.25,1,4,0.25,2,5,0.4,1,5,6,13,3,4,0,0,5,5,11,-24
Marreese Speights,ORL,F-C,30,52,675.033333333333,138,349,0.395,86,233,0.369,40,55,0.727,21,112,133,40,40,8,22,9,106,76,402,25
Marshall Plumlee,MIL,C,25,8,51.7533333333333,1,3,0.333,0,0,0,12,16,0.75,4,13,17,2,3,0,1,2,10,10,14,-1
Marvin Williams,CHA,F,32,78,2005.85166666667,258,563,0.458,126,305,0.413,102,123,0.829,74,296,370,96,66,56,38,23,116,102,744,69
Mason Plumlee,DEN,F-C,28,74,1439.45,221,368,0.601,0,1,0,82,179,0.458,132,268,400,142,102,49,81,27,184,159,524,-51
Matt Costello,SAS,F-C,24,4,32.2,2,4,0.5,0,0,0,0,0,0,1,8,9,2,1,2,2,0,7,1,4,15
Matt Williams Jr.,MIA,G,24,3,11.4,2,6,0.333,1,5,0.2,0,0,0,0,1,1,0,1,0,0,0,1,0,5,16
Matthew Dellavedova,MIL,G,27,38,712.495,55,152,0.362,29,78,0.372,25,27,0.926,14,50,64,145,49,14,0,6,67,36,164,-79
Maurice Harkless,POR,F-G,25,59,1263.77,147,297,0.495,49,118,0.415,42,59,0.712,46,116,162,53,40,48,43,17,103,51,385,7
Maxi Kleber,DAL,F,26,72,1206.10833333333,151,309,0.489,40,128,0.313,44,59,0.746,71,163,234,51,30,26,47,15,114,64,386,-131
Meyers Leonard,POR,F-C,26,33,253.636666666667,46,78,0.59,11,26,0.423,9,11,0.818,12,58,70,17,10,7,0,0,36,17,112,-35
Michael Beasley,NYK,F,29,74,1653.44166666667,409,807,0.507,34,86,0.395,124,159,0.78,97,317,414,123,143,36,43,41,145,132,976,-138
Michael Carter-Williams,CHA,G,26,52,834.743333333333,76,229,0.332,14,59,0.237,73,89,0.82,37,101,138,116,52,44,23,10,99,106,239,-61
Michael Kidd-Gilchrist,CHA,F,24,74,1850.28833333333,282,560,0.504,0,2,0,117,171,0.684,84,218,302,71,53,51,32,52,143,141,681,51
Mike Conley,MEM,G,30,12,373.238333333333,64,168,0.381,24,77,0.312,53,66,0.803,0,27,27,49,18,12,3,8,24,58,205,-17
Mike James,NOP,G,27,36,686.488333333333,123,321,0.383,26,98,0.265,64,84,0.762,13,77,90,126,49,28,7,22,48,66,336,-41
Mike James,NOP,G,27,36,686.488333333333,123,321,0.383,26,98,0.265,64,84,0.762,13,77,90,126,49,28,7,22,48,66,336,-41
Mike Muscala,ATL,F-C,26,53,1060.08666666667,143,312,0.458,62,167,0.371,57,62,0.919,56,174,230,51,42,31,27,9,80,61,405,-77
Mike Scott,WAS,F,29,76,1406.315,276,524,0.527,66,163,0.405,50,76,0.658,50,197,247,80,79,23,10,16,148,77,668,-82
Miles Plumlee,ATL,C,29,55,917.631666666667,105,180,0.583,0,0,0,27,60,0.45,77,151,228,45,63,17,30,13,79,48,237,-157
Milos Teodosic,LAC,G,31,45,1134.055,151,360,0.419,88,232,0.379,39,46,0.848,16,110,126,209,97,23,5,9,103,65,429,87
Milton Doyle,BKN,G,24,10,124.516666666667,13,47,0.277,4,23,0.174,4,8,0.5,3,15,18,10,2,6,2,5,13,8,34,-12
Mindaugas Kuzminskas,NYK,F,28,1,1.85,0,2,0,0,0,0,0,0,0,0,0,0,0,0,0,0,1,0,0,0,0
Mirza Teletovic,MIL,F,32,10,159.163333333333,25,57,0.439,21,45,0.467,0,0,0,3,20,23,10,7,4,1,1,14,4,71,-33
Monte Morris,DEN,G,23,3,25.285,4,6,0.667,0,1,0,2,2,1,0,2,2,7,1,3,0,0,1,2,10,-7
Montrezl Harrell,LAC,F-C,24,76,1293.175,348,548,0.635,1,7,0.143,139,222,0.626,103,203,306,74,68,36,52,41,143,185,836,53
Myke Henry,MEM,F,25,20,378.076666666667,41,109,0.376,19,58,0.328,6,10,0.6,10,28,38,22,19,31,6,7,28,9,107,-30
Myles Turner,IND,C-F,22,65,1836.155,306,639,0.479,56,157,0.357,160,206,0.777,93,324,417,87,96,38,118,26,186,188,828,114
Nate Wolters,UTA,G,27,5,18.7833333333333,1,6,0.167,0,0,0,0,0,0,1,1,2,1,0,0,0,1,1,1,2,3
Naz Mitrou-Long,UTA,G,24,1,0.516666666666667,1,1,1,1,1,1,0,0,0,0,0,0,0,0,0,0,0,0,0,3,5
Nemanja Bjelica,MIN,F,30,67,1370.95833333333,171,371,0.461,76,183,0.415,36,45,0.8,53,221,274,86,52,50,16,21,141,49,454,7
Nene,HOU,NA,35,52,758.406666666667,136,239,0.569,0,2,0,68,107,0.636,54,122,176,45,38,28,14,23,123,81,340,264
Nerlens Noel,DAL,C-F,24,30,471.64,55,105,0.524,0,1,0,21,28,0.75,48,120,168,20,26,31,22,9,59,41,131,-119
Nick Collison,OKC,F-C,37,15,74.8066666666667,13,19,0.684,0,0,0,5,13,0.385,7,13,20,4,7,0,0,0,7,10,31,-5
Nick Young,GSW,G-F,33,80,1393.17166666667,201,488,0.412,123,326,0.377,56,65,0.862,20,105,125,36,39,38,7,9,100,70,581,42
Nicolas Batum,CHA,G-F,29,64,1980.82333333333,270,650,0.415,92,274,0.336,108,130,0.831,57,249,306,349,131,65,23,12,72,116,740,7
Nicolas Brussino,ATL,F,25,4,9.91,0,2,0,0,2,0,0,0,0,0,3,3,0,0,0,0,0,0,0,0,17
Nigel Hayes,SAC,F,23,9,122.171666666667,11,33,0.333,4,16,0.25,1,3,0.333,4,18,22,6,2,2,3,0,8,3,27,9
Nik Stauskas,BKN,G,24,41,523.3,60,154,0.39,40,100,0.4,21,29,0.724,4,60,64,39,26,9,4,5,24,25,181,-57
Nikola Jokic,DEN,C,23,75,2442.505,504,1010,0.499,111,280,0.396,266,313,0.85,195,608,803,458,210,90,61,44,212,381,1385,352
Nikola Mirotic,NOP,F,27,55,1493.98,306,684,0.447,135,358,0.377,112,137,0.818,59,346,405,80,62,44,39,23,108,135,859,149
Nikola Vucevic,ORL,C,27,57,1683.12833333333,399,840,0.475,64,204,0.314,77,94,0.819,101,422,523,191,109,56,62,30,144,101,939,-34
Noah Vonleh,CHI,F,22,54,875.663333333333,104,234,0.444,20,66,0.303,36,58,0.621,70,241,311,34,31,19,17,17,68,59,264,-39
Norman Powell,TOR,G,25,70,1061.53666666667,150,374,0.401,53,186,0.285,32,39,0.821,14,105,119,89,66,37,16,22,111,52,385,-18
OG Anunoby,TOR,F,20,74,1481.46166666667,163,346,0.471,73,197,0.371,39,62,0.629,44,140,184,55,45,52,14,23,130,55,438,294
Okaro White,CLE,F,25,6,79.5633333333333,7,16,0.438,4,11,0.364,2,3,0.667,3,8,11,2,1,1,1,1,6,6,20,-1
Omari Johnson,MEM,F,29,4,75.1,9,21,0.429,4,12,0.333,0,0,0,4,7,11,7,3,2,0,1,6,0,22,10
Omer Asik,CHI,C,31,18,182.126666666667,9,22,0.409,0,0,0,4,13,0.308,9,38,47,3,9,2,4,4,20,13,22,-32
Omri Casspi,GSW,F,30,53,741.593333333333,120,207,0.58,10,22,0.455,50,69,0.725,30,170,200,51,37,18,19,13,71,59,300,52
Otto Porter Jr.,WAS,F,25,77,2431.53666666667,445,885,0.503,138,313,0.441,106,128,0.828,103,389,492,157,75,116,41,19,151,117,1134,286
P.J. Dozier,OKC,G-F,21,2,3.18833333333333,1,2,0.5,0,0,0,0,0,0,0,1,1,0,1,0,0,0,1,0,2,-3
P.J. Tucker,HOU,F,33,82,2281.18666666667,172,441,0.39,115,310,0.371,43,60,0.717,93,364,457,77,74,78,26,19,205,82,502,525
Pascal Siakam,TOR,F,24,81,1679.22666666667,253,498,0.508,29,132,0.22,54,87,0.621,79,285,364,159,67,62,42,29,166,82,589,303
Pat Connaughton,POR,G,25,82,1487.85333333333,165,390,0.423,74,210,0.352,37,44,0.841,36,125,161,91,43,23,22,23,120,43,441,141
Patrick Beverley,LAC,G,29,11,333.548333333333,48,119,0.403,24,60,0.4,14,17,0.824,16,29,45,32,25,19,5,4,34,30,134,25
Patrick McCaw,GSW,G,22,57,961.133333333333,92,225,0.409,19,80,0.238,26,34,0.765,16,66,82,81,41,43,10,19,67,42,229,-85
Patrick Patterson,OKC,F,29,82,1269.91833333333,106,266,0.398,66,171,0.386,40,46,0.87,32,161,193,57,33,48,23,7,87,52,318,-75
Patty Mills,SAS,G,29,82,2107.25166666667,280,682,0.411,154,414,0.372,105,118,0.89,26,128,154,229,106,55,11,14,128,158,819,111
Pau Gasol,SAS,C-F,37,77,1811.92166666667,287,627,0.458,43,120,0.358,158,209,0.756,129,490,619,238,108,24,79,36,121,195,775,62
Paul George,OKC,F,28,79,2890.73833333333,576,1340,0.43,244,609,0.401,338,411,0.822,72,375,447,263,212,161,39,63,233,326,1734,226
Paul Millsap,DEN,F,33,38,1143.47666666667,202,435,0.464,39,113,0.345,112,161,0.696,65,180,245,105,73,39,44,23,99,139,555,101
Paul Zipser,CHI,F,24,54,824,81,234,0.346,37,110,0.336,19,25,0.76,13,118,131,46,43,20,15,14,86,35,218,-217
Quincy Acy,BKN,F,27,70,1359.22166666667,130,365,0.356,102,292,0.349,49,60,0.817,40,217,257,57,60,33,29,13,149,81,411,-57
Quincy Pondexter,CHI,F,30,23,195.691666666667,14,49,0.286,3,22,0.136,14,17,0.824,8,19,27,9,11,8,2,4,24,9,45,-90
Quinn Cook,GSW,G,25,33,740.503333333333,122,252,0.484,46,104,0.442,22,25,0.88,10,72,82,89,32,12,1,16,59,26,312,-39
RJ Hunter,HOU,G,24,5,45.0783333333333,7,20,0.35,3,14,0.214,2,2,1,0,5,5,3,2,3,0,1,7,5,19,1
Rajon Rondo,NOP,G,32,65,1704.965,231,494,0.468,50,150,0.333,25,46,0.543,31,232,263,533,151,70,10,28,119,74,537,18
Ramon Sessions,WAS,G,32,28,392.451666666667,42,117,0.359,8,26,0.308,44,57,0.772,6,32,38,77,30,14,2,8,29,46,136,-83
Rashad Vaughn,ORL,G,21,28,211.968333333333,23,56,0.411,14,37,0.378,4,6,0.667,3,18,21,13,6,5,3,2,15,5,64,-12
Raul Neto,UTA,G,26,41,498.156666666667,69,151,0.457,19,47,0.404,26,35,0.743,7,42,49,75,36,13,4,14,38,44,183,119
Raymond Felton,OKC,G,34,82,1364.71833333333,224,552,0.406,81,230,0.352,36,44,0.818,25,131,156,203,76,49,16,24,91,60,565,-46
Reggie Bullock,DET,G-F,27,62,1731.56,267,546,0.489,125,281,0.445,39,49,0.796,27,127,154,95,47,47,13,27,70,55,698,23
Reggie Hearn,DET,G,26,3,6.62666666666667,1,2,0.5,1,2,0.5,0,0,0,0,0,0,0,0,0,0,0,0,0,3,-5
Reggie Jackson,DET,G,28,45,1200.99,246,577,0.426,52,169,0.308,112,134,0.836,29,96,125,238,99,27,4,26,87,123,656,15
Richard Jefferson,DEN,F,38,20,163.371666666667,12,27,0.444,2,7,0.286,4,7,0.571,2,15,17,15,5,2,1,1,11,7,30,-42
Richaun Holmes,PHI,F,24,48,745.921666666667,135,241,0.56,4,31,0.129,37,56,0.661,57,154,211,61,25,20,29,18,97,48,311,-38
Ricky Rubio,UTA,G,27,77,2254.44166666667,346,827,0.418,96,273,0.352,220,254,0.866,44,307,351,410,207,121,11,43,206,253,1008,209
Robert Covington,PHI,F,27,80,2531.365,345,836,0.413,203,550,0.369,116,136,0.853,55,378,433,156,126,137,72,42,238,124,1009,525
Robin Lopez,CHI,C,30,64,1689.77666666667,342,645,0.53,4,14,0.286,68,90,0.756,134,156,290,124,107,14,53,25,109,98,756,-200
Rodney Hood,CLE,G-F,25,60,1615.47166666667,322,751,0.429,127,333,0.381,111,129,0.86,22,143,165,95,70,45,12,20,105,110,882,-69
Rodney McGruder,MIA,G,26,18,299.24,36,73,0.493,15,35,0.429,4,8,0.5,11,22,33,17,4,8,3,2,21,12,91,33
Rodney Purvis,ORL,G,24,16,289.586666666667,35,107,0.327,13,52,0.25,13,15,0.867,1,26,27,17,10,3,3,2,26,10,96,-58
Ron Baker,NYK,G,25,29,384.673333333333,20,59,0.339,11,33,0.333,20,26,0.769,5,25,30,47,18,26,6,1,33,21,71,16
Rondae Hollis-Jefferson,BKN,F,23,68,1920.56333333333,342,724,0.472,13,54,0.241,249,316,0.788,101,358,459,167,121,65,48,58,145,265,946,-185
Royce O'Neale,UTA,F,25,69,1149.55166666667,120,284,0.423,42,118,0.356,61,76,0.803,25,211,236,95,55,36,16,22,105,78,343,194
Rudy Gay,SAS,F-G,31,57,1231.18333333333,253,537,0.471,37,118,0.314,112,145,0.772,76,215,291,73,78,46,38,25,98,118,655,81
Rudy Gobert,UTA,C,26,56,1816.04,276,444,0.622,0,0,0,204,299,0.682,165,436,601,80,107,44,129,50,153,280,756,343
Russell Westbrook,OKC,G,29,80,2913.65666666667,757,1687,0.449,97,326,0.298,417,566,0.737,152,652,804,820,381,147,20,84,200,460,2028,384
Ryan Anderson,HOU,F,30,66,1725.36666666667,207,480,0.431,131,339,0.386,72,93,0.774,94,237,331,60,42,24,21,13,126,84,617,252
Ryan Arcidiacono,CHI,G,24,24,304.121666666667,17,41,0.415,9,31,0.29,5,6,0.833,1,24,25,35,13,13,0,0,18,16,48,-24
Salah Mejri,DAL,C,32,61,728.756666666667,88,137,0.642,0,3,0,38,66,0.576,85,161,246,35,39,22,67,15,121,80,214,20
Sam Dekker,LAC,F,24,73,882.751666666667,128,259,0.494,10,60,0.167,37,56,0.661,44,130,174,38,33,24,9,18,71,44,303,61
Scotty Hopson,DAL,G,28,1,8.37833333333333,0,1,0,0,0,0,1,2,0.5,0,0,0,1,1,0,0,0,0,1,1,-8
Sean Kilpatrick,CHI,G,28,52,640.055,110,294,0.374,46,144,0.319,64,72,0.889,5,82,87,46,38,13,5,15,33,57,330,-112
Semi Ojeleye,BOS,F,23,73,1150.21,65,188,0.346,40,125,0.32,25,41,0.61,37,124,161,20,25,21,4,10,91,37,195,-182
Serge Ibaka,TOR,F,28,76,2093.2,379,784,0.483,107,297,0.36,94,118,0.797,78,400,478,62,90,29,99,29,209,95,959,307
Shabazz Muhammad,MIL,G-F,25,43,417.966666666667,84,188,0.447,7,27,0.259,39,50,0.78,23,53,76,14,6,9,3,14,30,36,214,-116
Shabazz Napier,POR,G,26,74,1535.465,223,531,0.42,82,218,0.376,116,138,0.841,26,144,170,150,90,81,14,30,84,148,644,84
Shane Larkin,BOS,G,25,54,774.711666666667,84,219,0.384,31,86,0.36,32,37,0.865,15,77,92,98,33,29,2,16,58,59,231,12
Shaquille Harrison,PHX,G,24,23,384.476666666667,59,124,0.476,6,26,0.231,28,38,0.737,9,52,61,55,22,26,7,17,42,36,152,47
Shaun Livingston,GSW,G,32,71,1129.31666666667,172,343,0.501,0,5,0,50,61,0.82,32,99,131,140,58,35,21,15,117,49,394,112
Shelvin Mack,ORL,G,28,69,1364.735,178,414,0.43,48,139,0.345,69,97,0.711,23,143,166,272,89,54,8,21,91,94,473,-79
Sindarius Thornwell,LAC,G,23,73,1155.88,100,233,0.429,23,61,0.377,59,88,0.67,33,107,140,68,53,48,25,35,125,74,282,-102
Skal Labissiere,SAC,F-C,22,60,1240.25166666667,205,458,0.448,18,51,0.353,95,118,0.805,98,189,287,72,73,25,49,21,132,120,523,-118
Solomon Hill,NOP,F,27,12,187.123333333333,11,41,0.268,4,21,0.19,3,6,0.5,9,27,36,22,9,7,1,3,22,8,29,-26
Spencer Dinwiddie,BKN,G,25,80,2306.025,324,838,0.387,141,433,0.326,218,268,0.813,40,219,259,524,128,68,23,52,186,220,1007,-94
Stanley Johnson,DET,F-G,22,69,1893.525,210,560,0.375,67,234,0.286,112,145,0.772,33,219,252,112,77,95,14,36,169,108,599,-47
Stephen Curry,GSW,G,30,51,1630.79666666667,428,864,0.495,212,501,0.423,278,302,0.921,36,225,261,310,153,80,8,21,114,207,1346,486
Sterling Brown,MIL,G-F,23,54,776.446666666667,82,205,0.4,32,91,0.352,21,24,0.875,27,116,143,25,25,31,13,19,80,23,217,-49
Steven Adams,OKC,C,24,76,2486.85166666667,448,712,0.629,0,2,0,160,286,0.559,384,301,685,88,128,92,78,46,215,278,1056,321
T.J. Leaf,IND,F,21,53,459.243333333333,64,136,0.471,18,42,0.429,10,16,0.625,29,53,82,9,10,5,4,5,45,18,156,-82
T.J. McConnell,PHI,G,26,76,1706.61333333333,210,421,0.499,27,62,0.435,31,39,0.795,37,189,226,303,112,92,13,30,122,49,478,-71
T.J. Warren,PHX,F,24,65,2141.76666666667,529,1063,0.498,20,90,0.222,193,255,0.757,125,208,333,85,85,65,41,53,149,202,1271,-431
Taj Gibson,MIN,F,33,82,2726.37,425,737,0.577,7,35,0.2,142,185,0.768,194,390,584,99,89,62,59,58,218,154,999,240
Tarik Black,HOU,F-C,26,51,536.5,75,127,0.591,1,11,0.091,29,63,0.46,63,100,163,13,35,21,30,10,107,52,180,-74
Taurean Prince,ATL,F,24,82,2464.02,415,975,0.426,176,457,0.385,152,180,0.844,50,339,389,214,191,85,42,63,168,190,1158,-366
Terrance Ferguson,OKC,G,20,61,763.096666666667,70,169,0.414,40,120,0.333,9,10,0.9,19,28,47,19,11,24,10,7,83,15,189,-84
Terrence Ross,ORL,G-F,27,24,600.383333333333,76,191,0.398,30,93,0.323,27,36,0.75,10,63,73,38,29,27,11,9,45,27,209,-47
Terry Rozier,BOS,G,24,80,2068.14,316,800,0.395,153,402,0.381,115,149,0.772,63,313,376,232,80,80,19,37,123,147,900,119
Thabo Sefolosha,UTA,F-G,34,38,805.565,118,240,0.492,32,84,0.381,44,54,0.815,29,132,161,33,30,52,12,19,59,47,312,56
Thaddeus Young,IND,F,30,81,2607.03166666667,421,864,0.487,58,181,0.32,55,92,0.598,184,328,512,152,105,135,36,63,175,125,955,212
Thomas Bryant,LAL,C-F,20,15,72.285,8,21,0.381,1,10,0.1,5,9,0.556,3,14,17,6,2,1,2,0,6,9,22,-9
Thon Maker,MIL,F-C,21,74,1237.885,130,316,0.411,31,104,0.298,65,93,0.699,75,150,225,46,44,38,53,20,162,82,356,-162
Tim Frazier,WAS,G,27,59,837.908333333333,68,172,0.395,17,56,0.304,23,30,0.767,18,97,115,194,57,47,7,15,97,59,176,-86
Tim Hardaway Jr.,NYK,G-F,26,57,1884.955,360,856,0.421,130,410,0.317,146,179,0.816,32,192,224,155,92,62,10,47,123,185,996,-74
Tim Quarterman,HOU,G,23,3,12.75,1,3,0.333,0,2,0,2,2,1,0,3,3,1,2,0,0,0,1,1,4,-10
Timofey Mozgov,BKN,C,31,31,359.483333333333,52,93,0.559,4,18,0.222,23,30,0.767,32,66,98,11,33,5,13,6,39,35,131,-89
Timothe Luwawu-Cabarrot,PHI,G-F,23,52,806.565,100,267,0.375,53,158,0.335,46,58,0.793,14,58,72,54,38,12,5,20,97,54,299,-5
Tobias Harris,LAC,F,25,80,2667.98333333333,562,1221,0.46,183,445,0.411,179,216,0.829,58,379,437,192,105,71,35,67,164,156,1486,-113
Tomas Satoransky,WAS,G,26,73,1642.65333333333,201,384,0.523,47,101,0.465,75,96,0.781,72,161,233,286,83,52,15,22,131,110,524,81
Tony Allen,NOP,G-F,36,22,272.548333333333,44,91,0.484,4,12,0.333,11,21,0.524,20,27,47,9,19,11,3,11,49,17,103,-19
Tony Bradley,UTA,C-F,20,9,29.1,3,11,0.273,0,1,0,2,2,1,4,7,11,1,0,0,0,1,1,1,8,1
Tony Parker,SAS,G,36,55,1070.87166666667,178,388,0.459,10,37,0.27,55,78,0.705,7,88,95,195,68,28,1,22,52,74,421,-11
Tony Snell,MIL,G,26,75,2053.28833333333,185,425,0.435,108,268,0.403,38,48,0.792,9,132,141,98,36,47,28,18,115,40,516,-56
Torrey Craig,DEN,F,27,39,628.881666666667,62,137,0.453,17,58,0.293,22,35,0.629,40,87,127,25,20,12,15,14,63,32,163,-61
Travis Wear,LAL,F,27,17,227.796666666667,25,72,0.347,17,47,0.362,8,8,1,0,38,38,7,6,4,5,1,30,8,75,11
Treveon Graham,CHA,G-F,24,63,1049.53833333333,96,221,0.434,40,97,0.412,41,59,0.695,42,79,121,59,27,33,2,13,109,61,273,-96
Trevor Ariza,HOU,F,33,67,2269.20166666667,268,651,0.412,170,462,0.368,76,89,0.854,33,261,294,105,52,98,13,21,132,89,782,373
Trevor Booker,IND,F,30,68,1158.09,177,343,0.516,8,33,0.242,66,93,0.71,117,201,318,82,59,28,21,26,119,82,428,-23
Trey Burke,NYK,G,25,36,784.655,193,384,0.503,38,105,0.362,37,57,0.649,13,58,71,170,43,24,4,8,43,58,461,-81
Trey Lyles,DEN,F,22,73,1390.68166666667,270,550,0.491,83,218,0.381,101,143,0.706,55,292,347,91,61,30,34,25,111,125,724,7
Trey McKinney-Jones,IND,G,27,1,1.23333333333333,0,0,0,0,0,0,0,0,0,0,0,0,0,0,0,0,0,0,0,0,0
Tristan Thompson,CLE,C-F,27,53,1072.245,132,235,0.562,0,0,0,43,79,0.544,126,226,352,33,36,16,17,20,102,93,307,-138
Troy Daniels,PHX,G,26,79,1622.33,232,575,0.403,183,458,0.4,56,64,0.875,12,115,127,48,56,26,5,16,137,55,703,-408
Troy Williams,NYK,F,23,21,307.203333333333,51,109,0.468,11,38,0.289,20,30,0.667,22,41,63,16,19,20,4,3,34,21,133,-31
Tyler Cavanaugh,ATL,F,24,39,518.48,67,152,0.441,32,89,0.36,17,21,0.81,45,82,127,27,13,9,4,9,61,23,183,-25
Tyler Dorsey,ATL,G,22,56,974.21,144,382,0.377,72,199,0.362,45,63,0.714,17,113,130,79,37,17,5,27,63,68,405,-149
Tyler Ennis,LAL,G,23,54,683.376666666667,94,224,0.42,14,56,0.25,22,29,0.759,19,76,95,105,38,30,10,20,75,41,224,-21
Tyler Johnson,MIA,G,26,72,2052.24166666667,309,711,0.435,119,324,0.367,106,129,0.822,34,214,248,165,81,60,34,39,148,129,843,46
Tyler Lydon,DEN,F,22,1,2.16666666666667,0,0,0,0,0,0,0,0,0,0,0,0,0,0,0,0,0,0,0,0,-6
Tyler Ulis,PHX,G,22,71,1658.46166666667,214,551,0.388,42,146,0.288,84,101,0.832,24,104,128,311,127,70,7,42,120,101,554,-315
Tyler Zeller,MIL,F-C,28,66,1108.16,187,334,0.56,10,28,0.357,57,79,0.722,110,195,305,47,47,15,35,34,126,94,441,26
Tyreke Evans,MEM,G-F,28,52,1607.16166666667,366,809,0.452,114,286,0.399,164,209,0.785,44,221,265,269,117,57,17,65,96,160,1010,27
Tyrone Wallace,LAC,G,24,30,851.185,110,247,0.445,10,40,0.25,61,78,0.782,21,84,105,71,46,27,13,36,83,52,291,-24
Tyson Chandler,PHX,C,35,46,1150.69333333333,121,187,0.647,0,0,0,58,93,0.624,134,284,418,53,59,16,27,6,106,105,300,-244
Tyus Jones,MIN,G,22,82,1466.81,150,328,0.457,45,129,0.349,71,81,0.877,16,116,132,232,59,95,6,18,110,86,416,179
Udonis Haslem,MIA,F,38,14,71.6633333333333,3,15,0.2,1,8,0.125,1,2,0.5,3,7,10,5,2,0,2,0,3,4,8,-4
Vander Blue,LAL,G,25,5,44.9166666666667,1,5,0.2,0,2,0,1,2,0.5,0,1,1,3,3,1,0,0,2,1,3,15
Victor Oladipo,IND,G,26,75,2552.03833333333,640,1342,0.477,161,434,0.371,294,368,0.799,47,343,390,323,219,177,57,90,175,312,1735,334
Vince Carter,SAC,G-F,41,58,1025.99,114,283,0.403,57,165,0.345,28,37,0.757,18,130,148,69,36,42,26,4,96,59,313,-67
Vincent Hunter,MEM,F,23,4,7.40666666666667,3,5,0.6,0,0,0,0,0,0,2,1,3,0,1,0,1,0,0,0,6,6
Wade Baldwin IV,POR,G,22,7,80.4816666666667,14,21,0.667,4,5,0.8,6,10,0.6,1,7,8,5,4,2,1,1,12,7,38,5
Walt Lemon Jr.,NOP,G,25,5,35.1016666666667,7,16,0.438,1,1,1,2,3,0.667,0,2,2,5,4,0,1,4,5,4,17,-15
Wayne Ellington,MIA,G,30,77,2041.20333333333,285,700,0.407,227,579,0.392,67,78,0.859,23,195,218,79,52,53,8,14,94,59,864,127
Wayne Selden,MEM,G-F,23,35,691.33,116,269,0.431,49,122,0.402,44,59,0.746,16,40,56,66,54,18,5,19,59,48,325,-102
Wes Iwundu,ORL,F,23,62,1020.305,93,218,0.427,9,46,0.196,34,47,0.723,36,101,137,57,30,33,12,17,81,48,229,-105
Wesley Johnson,LAC,F-G,30,74,1486.41166666667,150,368,0.408,60,177,0.339,43,58,0.741,29,187,216,61,55,76,62,9,146,48,403,-62
Wesley Matthews,DAL,G,31,63,2131.43333333333,283,697,0.406,153,402,0.381,83,101,0.822,28,170,198,172,83,76,16,25,140,127,802,-324
Will Barton,DEN,G,27,81,2682.90166666667,465,1028,0.452,156,422,0.37,182,226,0.805,70,339,409,331,149,82,52,70,168,192,1268,123
Willie Cauley-Stein,SAC,C,24,73,2043.82333333333,388,773,0.502,3,12,0.25,153,247,0.619,131,379,510,172,109,77,67,69,185,208,932,-323
Willie Reed,DET,F-C,28,42,427.855,81,121,0.669,1,2,0.5,32,55,0.582,35,86,121,10,19,9,22,14,56,48,195,16
Willy Hernangomez,CHA,C-F,24,48,494.325,91,164,0.555,5,12,0.417,59,90,0.656,61,122,183,33,35,18,16,14,64,81,246,0
Wilson Chandler,DEN,F,31,74,2346.25333333333,281,631,0.445,88,246,0.358,88,114,0.772,102,296,398,159,92,43,39,24,156,103,738,56
Xavier Munford,MIL,G,26,6,20.7533333333333,1,6,0.167,0,2,0,1,2,0.5,1,0,1,4,2,1,0,0,4,1,3,-12
Xavier Rathan-Mayes,MEM,G,24,5,117.79,12,42,0.286,1,14,0.071,4,9,0.444,0,5,5,18,11,6,3,3,18,13,29,-59
Xavier Silas,BOS,G,30,2,7.49833333333333,0,3,0,0,2,0,0,0,0,1,1,2,0,0,1,0,0,1,0,0,1
Yogi Ferrell,DAL,G,25,82,2281.485,311,730,0.426,134,359,0.373,82,103,0.796,26,223,249,201,78,64,9,33,153,136,838,3
Zach Collins,POR,F-C,20,66,1045.45,115,289,0.398,35,113,0.31,27,42,0.643,45,176,221,52,58,17,31,17,133,49,292,16
Zach LaVine,CHI,G-F,23,24,656.286666666667,136,355,0.383,42,123,0.341,87,107,0.813,9,85,94,72,43,24,4,30,55,66,401,-172
Zach Randolph,SAC,F,36,59,1507.61166666667,361,763,0.473,51,147,0.347,84,107,0.785,97,300,397,127,116,42,10,40,119,138,857,-353
Zaza Pachulia,GSW,C,34,69,971.746666666667,149,264,0.564,0,1,0,75,93,0.806,89,232,321,109,72,38,17,35,122,94,373,196
Zhou Qi,HOU,F-C,22,18,123.966666666667,6,32,0.188,2,19,0.105,8,12,0.667,6,16,22,2,10,2,14,3,14,8,22,-67
